{
  "width": 1024,
  "height": 1024,
  "bounds": {
    "minx": 3051419.03153495,
    "miny": 9043574.05184827,
    "maxx": 3098304.490588884,
    "maxy": 9129674.881050294
  },
  "bounds_wgs84": {
    "lat_min": 62.76793987068882,
    "lon_min": 27.41136354281033,
    "lat_max": 63.11975242044558,
    "lon_max": 27.832542787521422
  },
  "crs": "EPSG:3857",
  "chm_scale": 0.0034627298390173186,
  "chm_offset": 0.0,
  "chm_min_height": 0.0,
  "chm_max_height": 226.92999999999998,
  "dtm_scale": 0.005443876751835237,
  "dtm_offset": -124.87232258064513,
  "dtm_min_height": -124.87232258064513,
  "dtm_max_height": 231.89214035087713,
  "dx": 45.786581107357506,
  "dy": 84.08284101760182
}